,id,node_id,name,full_name,private,html_url,description,fork,url,forks_url,keys_url,collaborators_url,teams_url,hooks_url,issue_events_url,events_url,assignees_url,branches_url,tags_url,blobs_url,git_tags_url,git_refs_url,trees_url,statuses_url,languages_url,stargazers_url,contributors_url,subscribers_url,subscription_url,commits_url,git_commits_url,comments_url,issue_comment_url,contents_url,compare_url,merges_url,archive_url,downloads_url,issues_url,pulls_url,milestones_url,notifications_url,labels_url,releases_url,deployments_url,created_at,updated_at,pushed_at,git_url,ssh_url,clone_url,svn_url,homepage,size,stargazers_count,watchers_count,language,has_issues,has_projects,has_downloads,has_wiki,has_pages,has_discussions,forks_count,mirror_url,archived,disabled,open_issues_count,allow_forking,is_template,web_commit_signoff_required,topics,visibility,forks,open_issues,watchers,default_branch,score,owner.login,owner.id,owner.node_id,owner.avatar_url,owner.gravatar_id,owner.url,owner.html_url,owner.followers_url,owner.following_url,owner.gists_url,owner.starred_url,owner.subscriptions_url,owner.organizations_url,owner.repos_url,owner.events_url,owner.received_events_url,owner.type,owner.user_view_type,owner.site_admin,license.key,license.name,license.spdx_id,license.url,license.node_id,permissions.admin,permissions.maintain,permissions.push,permissions.triage,permissions.pull,license
0,8879986,MDEwOlJlcG9zaXRvcnk4ODc5OTg2,ioscreator,ioscreator/ioscreator,False,https://github.com/ioscreator/ioscreator,Tutorials from ioscreator.com,False,https://api.github.com/repos/ioscreator/ioscreator,https://api.github.com/repos/ioscreator/ioscreator/forks,https://api.github.com/repos/ioscreator/ioscreator/keys{/key_id},https://api.github.com/repos/ioscreator/ioscreator/collaborators{/collaborator},https://api.github.com/repos/ioscreator/ioscreator/teams,https://api.github.com/repos/ioscreator/ioscreator/hooks,https://api.github.com/repos/ioscreator/ioscreator/issues/events{/number},https://api.github.com/repos/ioscreator/ioscreator/events,https://api.github.com/repos/ioscreator/ioscreator/assignees{/user},https://api.github.com/repos/ioscreator/ioscreator/branches{/branch},https://api.github.com/repos/ioscreator/ioscreator/tags,https://api.github.com/repos/ioscreator/ioscreator/git/blobs{/sha},https://api.github.com/repos/ioscreator/ioscreator/git/tags{/sha},https://api.github.com/repos/ioscreator/ioscreator/git/refs{/sha},https://api.github.com/repos/ioscreator/ioscreator/git/trees{/sha},https://api.github.com/repos/ioscreator/ioscreator/statuses/{sha},https://api.github.com/repos/ioscreator/ioscreator/languages,https://api.github.com/repos/ioscreator/ioscreator/stargazers,https://api.github.com/repos/ioscreator/ioscreator/contributors,https://api.github.com/repos/ioscreator/ioscreator/subscribers,https://api.github.com/repos/ioscreator/ioscreator/subscription,https://api.github.com/repos/ioscreator/ioscreator/commits{/sha},https://api.github.com/repos/ioscreator/ioscreator/git/commits{/sha},https://api.github.com/repos/ioscreator/ioscreator/comments{/number},https://api.github.com/repos/ioscreator/ioscreator/issues/comments{/number},https://api.github.com/repos/ioscreator/ioscreator/contents/{+path},https://api.github.com/repos/ioscreator/ioscreator/compare/{base}...{head},https://api.github.com/repos/ioscreator/ioscreator/merges,https://api.github.com/repos/ioscreator/ioscreator/{archive_format}{/ref},https://api.github.com/repos/ioscreator/ioscreator/downloads,https://api.github.com/repos/ioscreator/ioscreator/issues{/number},https://api.github.com/repos/ioscreator/ioscreator/pulls{/number},https://api.github.com/repos/ioscreator/ioscreator/milestones{/number},"https://api.github.com/repos/ioscreator/ioscreator/notifications{?since,all,participating}",https://api.github.com/repos/ioscreator/ioscreator/labels{/name},https://api.github.com/repos/ioscreator/ioscreator/releases{/id},https://api.github.com/repos/ioscreator/ioscreator/deployments,2013-03-19T14:04:17Z,2025-01-20T12:52:44Z,2021-09-14T20:17:24Z,git://github.com/ioscreator/ioscreator.git,git@github.com:ioscreator/ioscreator.git,https://github.com/ioscreator/ioscreator.git,https://github.com/ioscreator/ioscreator,https://ioscreator.com,58028,4023,4023,Swift,True,True,True,True,False,False,1928,,False,False,22,True,False,False,[],public,1928,22,4023,master,1.0,ioscreator,388550,MDQ6VXNlcjM4ODU1MA==,https://avatars.githubusercontent.com/u/388550?v=4,,https://api.github.com/users/ioscreator,https://github.com/ioscreator,https://api.github.com/users/ioscreator/followers,https://api.github.com/users/ioscreator/following{/other_user},https://api.github.com/users/ioscreator/gists{/gist_id},https://api.github.com/users/ioscreator/starred{/owner}{/repo},https://api.github.com/users/ioscreator/subscriptions,https://api.github.com/users/ioscreator/orgs,https://api.github.com/users/ioscreator/repos,https://api.github.com/users/ioscreator/events{/privacy},https://api.github.com/users/ioscreator/received_events,User,public,False,mit,MIT License,MIT,https://api.github.com/licenses/mit,MDc6TGljZW5zZTEz,False,False,False,False,True,
1,12668295,MDEwOlJlcG9zaXRvcnkxMjY2ODI5NQ==,DeveloperExcuses,kimar/DeveloperExcuses,False,https://github.com/kimar/DeveloperExcuses,"A Mac OS X Screensaver which shows quotes from http://developerexcuses.com, inofficial",False,https://api.github.com/repos/kimar/DeveloperExcuses,https://api.github.com/repos/kimar/DeveloperExcuses/forks,https://api.github.com/repos/kimar/DeveloperExcuses/keys{/key_id},https://api.github.com/repos/kimar/DeveloperExcuses/collaborators{/collaborator},https://api.github.com/repos/kimar/DeveloperExcuses/teams,https://api.github.com/repos/kimar/DeveloperExcuses/hooks,https://api.github.com/repos/kimar/DeveloperExcuses/issues/events{/number},https://api.github.com/repos/kimar/DeveloperExcuses/events,https://api.github.com/repos/kimar/DeveloperExcuses/assignees{/user},https://api.github.com/repos/kimar/DeveloperExcuses/branches{/branch},https://api.github.com/repos/kimar/DeveloperExcuses/tags,https://api.github.com/repos/kimar/DeveloperExcuses/git/blobs{/sha},https://api.github.com/repos/kimar/DeveloperExcuses/git/tags{/sha},https://api.github.com/repos/kimar/DeveloperExcuses/git/refs{/sha},https://api.github.com/repos/kimar/DeveloperExcuses/git/trees{/sha},https://api.github.com/repos/kimar/DeveloperExcuses/statuses/{sha},https://api.github.com/repos/kimar/DeveloperExcuses/languages,https://api.github.com/repos/kimar/DeveloperExcuses/stargazers,https://api.github.com/repos/kimar/DeveloperExcuses/contributors,https://api.github.com/repos/kimar/DeveloperExcuses/subscribers,https://api.github.com/repos/kimar/DeveloperExcuses/subscription,https://api.github.com/repos/kimar/DeveloperExcuses/commits{/sha},https://api.github.com/repos/kimar/DeveloperExcuses/git/commits{/sha},https://api.github.com/repos/kimar/DeveloperExcuses/comments{/number},https://api.github.com/repos/kimar/DeveloperExcuses/issues/comments{/number},https://api.github.com/repos/kimar/DeveloperExcuses/contents/{+path},https://api.github.com/repos/kimar/DeveloperExcuses/compare/{base}...{head},https://api.github.com/repos/kimar/DeveloperExcuses/merges,https://api.github.com/repos/kimar/DeveloperExcuses/{archive_format}{/ref},https://api.github.com/repos/kimar/DeveloperExcuses/downloads,https://api.github.com/repos/kimar/DeveloperExcuses/issues{/number},https://api.github.com/repos/kimar/DeveloperExcuses/pulls{/number},https://api.github.com/repos/kimar/DeveloperExcuses/milestones{/number},"https://api.github.com/repos/kimar/DeveloperExcuses/notifications{?since,all,participating}",https://api.github.com/repos/kimar/DeveloperExcuses/labels{/name},https://api.github.com/repos/kimar/DeveloperExcuses/releases{/id},https://api.github.com/repos/kimar/DeveloperExcuses/deployments,2013-09-07T17:06:47Z,2024-12-31T17:49:54Z,2021-04-09T20:49:24Z,git://github.com/kimar/DeveloperExcuses.git,git@github.com:kimar/DeveloperExcuses.git,https://github.com/kimar/DeveloperExcuses.git,https://github.com/kimar/DeveloperExcuses,,13439,348,348,Swift,False,False,True,False,False,False,39,,False,False,0,True,False,False,"['hacktoberfest', 'objective-c', 'osx', 'quotes', 'screensaver']",public,39,0,348,master,1.0,kimar,126418,MDQ6VXNlcjEyNjQxOA==,https://avatars.githubusercontent.com/u/126418?v=4,,https://api.github.com/users/kimar,https://github.com/kimar,https://api.github.com/users/kimar/followers,https://api.github.com/users/kimar/following{/other_user},https://api.github.com/users/kimar/gists{/gist_id},https://api.github.com/users/kimar/starred{/owner}{/repo},https://api.github.com/users/kimar/subscriptions,https://api.github.com/users/kimar/orgs,https://api.github.com/users/kimar/repos,https://api.github.com/users/kimar/events{/privacy},https://api.github.com/users/kimar/received_events,User,public,False,mit,MIT License,MIT,https://api.github.com/licenses/mit,MDc6TGljZW5zZTEz,False,False,False,False,True,
2,7853222,MDEwOlJlcG9zaXRvcnk3ODUzMjIy,EVURLCache,evermeer/EVURLCache,False,https://github.com/evermeer/EVURLCache,a NSURLCache subclass for handling all web requests that use NSURLRequest,False,https://api.github.com/repos/evermeer/EVURLCache,https://api.github.com/repos/evermeer/EVURLCache/forks,https://api.github.com/repos/evermeer/EVURLCache/keys{/key_id},https://api.github.com/repos/evermeer/EVURLCache/collaborators{/collaborator},https://api.github.com/repos/evermeer/EVURLCache/teams,https://api.github.com/repos/evermeer/EVURLCache/hooks,https://api.github.com/repos/evermeer/EVURLCache/issues/events{/number},https://api.github.com/repos/evermeer/EVURLCache/events,https://api.github.com/repos/evermeer/EVURLCache/assignees{/user},https://api.github.com/repos/evermeer/EVURLCache/branches{/branch},https://api.github.com/repos/evermeer/EVURLCache/tags,https://api.github.com/repos/evermeer/EVURLCache/git/blobs{/sha},https://api.github.com/repos/evermeer/EVURLCache/git/tags{/sha},https://api.github.com/repos/evermeer/EVURLCache/git/refs{/sha},https://api.github.com/repos/evermeer/EVURLCache/git/trees{/sha},https://api.github.com/repos/evermeer/EVURLCache/statuses/{sha},https://api.github.com/repos/evermeer/EVURLCache/languages,https://api.github.com/repos/evermeer/EVURLCache/stargazers,https://api.github.com/repos/evermeer/EVURLCache/contributors,https://api.github.com/repos/evermeer/EVURLCache/subscribers,https://api.github.com/repos/evermeer/EVURLCache/subscription,https://api.github.com/repos/evermeer/EVURLCache/commits{/sha},https://api.github.com/repos/evermeer/EVURLCache/git/commits{/sha},https://api.github.com/repos/evermeer/EVURLCache/comments{/number},https://api.github.com/repos/evermeer/EVURLCache/issues/comments{/number},https://api.github.com/repos/evermeer/EVURLCache/contents/{+path},https://api.github.com/repos/evermeer/EVURLCache/compare/{base}...{head},https://api.github.com/repos/evermeer/EVURLCache/merges,https://api.github.com/repos/evermeer/EVURLCache/{archive_format}{/ref},https://api.github.com/repos/evermeer/EVURLCache/downloads,https://api.github.com/repos/evermeer/EVURLCache/issues{/number},https://api.github.com/repos/evermeer/EVURLCache/pulls{/number},https://api.github.com/repos/evermeer/EVURLCache/milestones{/number},"https://api.github.com/repos/evermeer/EVURLCache/notifications{?since,all,participating}",https://api.github.com/repos/evermeer/EVURLCache/labels{/name},https://api.github.com/repos/evermeer/EVURLCache/releases{/id},https://api.github.com/repos/evermeer/EVURLCache/deployments,2013-01-27T14:35:33Z,2025-01-13T03:19:23Z,2021-03-23T19:53:46Z,git://github.com/evermeer/EVURLCache.git,git@github.com:evermeer/EVURLCache.git,https://github.com/evermeer/EVURLCache.git,https://github.com/evermeer/EVURLCache,,10474,299,299,Swift,True,True,True,True,False,False,48,,False,False,7,True,False,False,"['cache', 'nsurlcache-subclass', 'nsurlrequest', 'swift', 'uiwebview']",public,48,7,299,master,1.0,evermeer,130834,MDQ6VXNlcjEzMDgzNA==,https://avatars.githubusercontent.com/u/130834?v=4,,https://api.github.com/users/evermeer,https://github.com/evermeer,https://api.github.com/users/evermeer/followers,https://api.github.com/users/evermeer/following{/other_user},https://api.github.com/users/evermeer/gists{/gist_id},https://api.github.com/users/evermeer/starred{/owner}{/repo},https://api.github.com/users/evermeer/subscriptions,https://api.github.com/users/evermeer/orgs,https://api.github.com/users/evermeer/repos,https://api.github.com/users/evermeer/events{/privacy},https://api.github.com/users/evermeer/received_events,User,public,False,other,Other,NOASSERTION,,MDc6TGljZW5zZTA=,False,False,False,False,True,
3,15386170,MDEwOlJlcG9zaXRvcnkxNTM4NjE3MA==,FDSoundActivatedRecorder,fulldecent/FDSoundActivatedRecorder,False,https://github.com/fulldecent/FDSoundActivatedRecorder,Start recording when the user speaks,False,https://api.github.com/repos/fulldecent/FDSoundActivatedRecorder,https://api.github.com/repos/fulldecent/FDSoundActivatedRecorder/forks,https://api.github.com/repos/fulldecent/FDSoundActivatedRecorder/keys{/key_id},https://api.github.com/repos/fulldecent/FDSoundActivatedRecorder/collaborators{/collaborator},https://api.github.com/repos/fulldecent/FDSoundActivatedRecorder/teams,https://api.github.com/repos/fulldecent/FDSoundActivatedRecorder/hooks,https://api.github.com/repos/fulldecent/FDSoundActivatedRecorder/issues/events{/number},https://api.github.com/repos/fulldecent/FDSoundActivatedRecorder/events,https://api.github.com/repos/fulldecent/FDSoundActivatedRecorder/assignees{/user},https://api.github.com/repos/fulldecent/FDSoundActivatedRecorder/branches{/branch},https://api.github.com/repos/fulldecent/FDSoundActivatedRecorder/tags,https://api.github.com/repos/fulldecent/FDSoundActivatedRecorder/git/blobs{/sha},https://api.github.com/repos/fulldecent/FDSoundActivatedRecorder/git/tags{/sha},https://api.github.com/repos/fulldecent/FDSoundActivatedRecorder/git/refs{/sha},https://api.github.com/repos/fulldecent/FDSoundActivatedRecorder/git/trees{/sha},https://api.github.com/repos/fulldecent/FDSoundActivatedRecorder/statuses/{sha},https://api.github.com/repos/fulldecent/FDSoundActivatedRecorder/languages,https://api.github.com/repos/fulldecent/FDSoundActivatedRecorder/stargazers,https://api.github.com/repos/fulldecent/FDSoundActivatedRecorder/contributors,https://api.github.com/repos/fulldecent/FDSoundActivatedRecorder/subscribers,https://api.github.com/repos/fulldecent/FDSoundActivatedRecorder/subscription,https://api.github.com/repos/fulldecent/FDSoundActivatedRecorder/commits{/sha},https://api.github.com/repos/fulldecent/FDSoundActivatedRecorder/git/commits{/sha},https://api.github.com/repos/fulldecent/FDSoundActivatedRecorder/comments{/number},https://api.github.com/repos/fulldecent/FDSoundActivatedRecorder/issues/comments{/number},https://api.github.com/repos/fulldecent/FDSoundActivatedRecorder/contents/{+path},https://api.github.com/repos/fulldecent/FDSoundActivatedRecorder/compare/{base}...{head},https://api.github.com/repos/fulldecent/FDSoundActivatedRecorder/merges,https://api.github.com/repos/fulldecent/FDSoundActivatedRecorder/{archive_format}{/ref},https://api.github.com/repos/fulldecent/FDSoundActivatedRecorder/downloads,https://api.github.com/repos/fulldecent/FDSoundActivatedRecorder/issues{/number},https://api.github.com/repos/fulldecent/FDSoundActivatedRecorder/pulls{/number},https://api.github.com/repos/fulldecent/FDSoundActivatedRecorder/milestones{/number},"https://api.github.com/repos/fulldecent/FDSoundActivatedRecorder/notifications{?since,all,participating}",https://api.github.com/repos/fulldecent/FDSoundActivatedRecorder/labels{/name},https://api.github.com/repos/fulldecent/FDSoundActivatedRecorder/releases{/id},https://api.github.com/repos/fulldecent/FDSoundActivatedRecorder/deployments,2013-12-23T02:42:44Z,2024-09-25T03:25:20Z,2021-12-22T05:07:08Z,git://github.com/fulldecent/FDSoundActivatedRecorder.git,git@github.com:fulldecent/FDSoundActivatedRecorder.git,https://github.com/fulldecent/FDSoundActivatedRecorder.git,https://github.com/fulldecent/FDSoundActivatedRecorder,,623,290,290,Swift,True,True,True,True,False,False,64,,False,False,2,True,False,False,"['audio', 'ios', 'listen', 'sound', 'swift', 'voice-commands', 'voice-control', 'voice-recognition']",public,64,2,290,master,1.0,fulldecent,382183,MDQ6VXNlcjM4MjE4Mw==,https://avatars.githubusercontent.com/u/382183?v=4,,https://api.github.com/users/fulldecent,https://github.com/fulldecent,https://api.github.com/users/fulldecent/followers,https://api.github.com/users/fulldecent/following{/other_user},https://api.github.com/users/fulldecent/gists{/gist_id},https://api.github.com/users/fulldecent/starred{/owner}{/repo},https://api.github.com/users/fulldecent/subscriptions,https://api.github.com/users/fulldecent/orgs,https://api.github.com/users/fulldecent/repos,https://api.github.com/users/fulldecent/events{/privacy},https://api.github.com/users/fulldecent/received_events,User,public,False,mit,MIT License,MIT,https://api.github.com/licenses/mit,MDc6TGljZW5zZTEz,False,False,False,False,True,
4,11880454,MDEwOlJlcG9zaXRvcnkxMTg4MDQ1NA==,IGIdenticon,seaburg/IGIdenticon,False,https://github.com/seaburg/IGIdenticon,Swift identicon generator,False,https://api.github.com/repos/seaburg/IGIdenticon,https://api.github.com/repos/seaburg/IGIdenticon/forks,https://api.github.com/repos/seaburg/IGIdenticon/keys{/key_id},https://api.github.com/repos/seaburg/IGIdenticon/collaborators{/collaborator},https://api.github.com/repos/seaburg/IGIdenticon/teams,https://api.github.com/repos/seaburg/IGIdenticon/hooks,https://api.github.com/repos/seaburg/IGIdenticon/issues/events{/number},https://api.github.com/repos/seaburg/IGIdenticon/events,https://api.github.com/repos/seaburg/IGIdenticon/assignees{/user},https://api.github.com/repos/seaburg/IGIdenticon/branches{/branch},https://api.github.com/repos/seaburg/IGIdenticon/tags,https://api.github.com/repos/seaburg/IGIdenticon/git/blobs{/sha},https://api.github.com/repos/seaburg/IGIdenticon/git/tags{/sha},https://api.github.com/repos/seaburg/IGIdenticon/git/refs{/sha},https://api.github.com/repos/seaburg/IGIdenticon/git/trees{/sha},https://api.github.com/repos/seaburg/IGIdenticon/statuses/{sha},https://api.github.com/repos/seaburg/IGIdenticon/languages,https://api.github.com/repos/seaburg/IGIdenticon/stargazers,https://api.github.com/repos/seaburg/IGIdenticon/contributors,https://api.github.com/repos/seaburg/IGIdenticon/subscribers,https://api.github.com/repos/seaburg/IGIdenticon/subscription,https://api.github.com/repos/seaburg/IGIdenticon/commits{/sha},https://api.github.com/repos/seaburg/IGIdenticon/git/commits{/sha},https://api.github.com/repos/seaburg/IGIdenticon/comments{/number},https://api.github.com/repos/seaburg/IGIdenticon/issues/comments{/number},https://api.github.com/repos/seaburg/IGIdenticon/contents/{+path},https://api.github.com/repos/seaburg/IGIdenticon/compare/{base}...{head},https://api.github.com/repos/seaburg/IGIdenticon/merges,https://api.github.com/repos/seaburg/IGIdenticon/{archive_format}{/ref},https://api.github.com/repos/seaburg/IGIdenticon/downloads,https://api.github.com/repos/seaburg/IGIdenticon/issues{/number},https://api.github.com/repos/seaburg/IGIdenticon/pulls{/number},https://api.github.com/repos/seaburg/IGIdenticon/milestones{/number},"https://api.github.com/repos/seaburg/IGIdenticon/notifications{?since,all,participating}",https://api.github.com/repos/seaburg/IGIdenticon/labels{/name},https://api.github.com/repos/seaburg/IGIdenticon/releases{/id},https://api.github.com/repos/seaburg/IGIdenticon/deployments,2013-08-04T15:21:19Z,2024-01-05T15:04:47Z,2021-06-09T07:55:25Z,git://github.com/seaburg/IGIdenticon.git,git@github.com:seaburg/IGIdenticon.git,https://github.com/seaburg/IGIdenticon.git,https://github.com/seaburg/IGIdenticon,,292,90,90,Swift,True,True,True,True,False,False,11,,False,False,0,True,False,False,"['github-avatar', 'identicon']",public,11,0,90,master,1.0,seaburg,3396455,MDQ6VXNlcjMzOTY0NTU=,https://avatars.githubusercontent.com/u/3396455?v=4,,https://api.github.com/users/seaburg,https://github.com/seaburg,https://api.github.com/users/seaburg/followers,https://api.github.com/users/seaburg/following{/other_user},https://api.github.com/users/seaburg/gists{/gist_id},https://api.github.com/users/seaburg/starred{/owner}{/repo},https://api.github.com/users/seaburg/subscriptions,https://api.github.com/users/seaburg/orgs,https://api.github.com/users/seaburg/repos,https://api.github.com/users/seaburg/events{/privacy},https://api.github.com/users/seaburg/received_events,User,public,False,mit,MIT License,MIT,https://api.github.com/licenses/mit,MDc6TGljZW5zZTEz,False,False,False,False,True,
5,7489179,MDEwOlJlcG9zaXRvcnk3NDg5MTc5,VST3NetSend,vgorloff/VST3NetSend,False,https://github.com/vgorloff/VST3NetSend,VST3 version of system-supplied Mac OS X AUNetSend audio plugin.,False,https://api.github.com/repos/vgorloff/VST3NetSend,https://api.github.com/repos/vgorloff/VST3NetSend/forks,https://api.github.com/repos/vgorloff/VST3NetSend/keys{/key_id},https://api.github.com/repos/vgorloff/VST3NetSend/collaborators{/collaborator},https://api.github.com/repos/vgorloff/VST3NetSend/teams,https://api.github.com/repos/vgorloff/VST3NetSend/hooks,https://api.github.com/repos/vgorloff/VST3NetSend/issues/events{/number},https://api.github.com/repos/vgorloff/VST3NetSend/events,https://api.github.com/repos/vgorloff/VST3NetSend/assignees{/user},https://api.github.com/repos/vgorloff/VST3NetSend/branches{/branch},https://api.github.com/repos/vgorloff/VST3NetSend/tags,https://api.github.com/repos/vgorloff/VST3NetSend/git/blobs{/sha},https://api.github.com/repos/vgorloff/VST3NetSend/git/tags{/sha},https://api.github.com/repos/vgorloff/VST3NetSend/git/refs{/sha},https://api.github.com/repos/vgorloff/VST3NetSend/git/trees{/sha},https://api.github.com/repos/vgorloff/VST3NetSend/statuses/{sha},https://api.github.com/repos/vgorloff/VST3NetSend/languages,https://api.github.com/repos/vgorloff/VST3NetSend/stargazers,https://api.github.com/repos/vgorloff/VST3NetSend/contributors,https://api.github.com/repos/vgorloff/VST3NetSend/subscribers,https://api.github.com/repos/vgorloff/VST3NetSend/subscription,https://api.github.com/repos/vgorloff/VST3NetSend/commits{/sha},https://api.github.com/repos/vgorloff/VST3NetSend/git/commits{/sha},https://api.github.com/repos/vgorloff/VST3NetSend/comments{/number},https://api.github.com/repos/vgorloff/VST3NetSend/issues/comments{/number},https://api.github.com/repos/vgorloff/VST3NetSend/contents/{+path},https://api.github.com/repos/vgorloff/VST3NetSend/compare/{base}...{head},https://api.github.com/repos/vgorloff/VST3NetSend/merges,https://api.github.com/repos/vgorloff/VST3NetSend/{archive_format}{/ref},https://api.github.com/repos/vgorloff/VST3NetSend/downloads,https://api.github.com/repos/vgorloff/VST3NetSend/issues{/number},https://api.github.com/repos/vgorloff/VST3NetSend/pulls{/number},https://api.github.com/repos/vgorloff/VST3NetSend/milestones{/number},"https://api.github.com/repos/vgorloff/VST3NetSend/notifications{?since,all,participating}",https://api.github.com/repos/vgorloff/VST3NetSend/labels{/name},https://api.github.com/repos/vgorloff/VST3NetSend/releases{/id},https://api.github.com/repos/vgorloff/VST3NetSend/deployments,2013-01-07T20:21:18Z,2024-11-07T05:32:45Z,2021-11-24T19:19:46Z,git://github.com/vgorloff/VST3NetSend.git,git@github.com:vgorloff/VST3NetSend.git,https://github.com/vgorloff/VST3NetSend.git,https://github.com/vgorloff/VST3NetSend,,2377,38,38,Swift,True,False,True,False,False,False,5,,True,False,0,True,False,False,"['audio-plugin', 'audiounit', 'c-plus-plus', 'cocoa', 'cubase', 'vst3', 'vst3-sdk']",public,5,0,38,master,1.0,vgorloff,3200080,MDQ6VXNlcjMyMDAwODA=,https://avatars.githubusercontent.com/u/3200080?v=4,,https://api.github.com/users/vgorloff,https://github.com/vgorloff,https://api.github.com/users/vgorloff/followers,https://api.github.com/users/vgorloff/following{/other_user},https://api.github.com/users/vgorloff/gists{/gist_id},https://api.github.com/users/vgorloff/starred{/owner}{/repo},https://api.github.com/users/vgorloff/subscriptions,https://api.github.com/users/vgorloff/orgs,https://api.github.com/users/vgorloff/repos,https://api.github.com/users/vgorloff/events{/privacy},https://api.github.com/users/vgorloff/received_events,User,public,False,mit,MIT License,MIT,https://api.github.com/licenses/mit,MDc6TGljZW5zZTEz,False,False,False,False,True,
6,8695239,MDEwOlJlcG9zaXRvcnk4Njk1MjM5,Scorerrest,colinta/Scorerrest,False,https://github.com/colinta/Scorerrest,,False,https://api.github.com/repos/colinta/Scorerrest,https://api.github.com/repos/colinta/Scorerrest/forks,https://api.github.com/repos/colinta/Scorerrest/keys{/key_id},https://api.github.com/repos/colinta/Scorerrest/collaborators{/collaborator},https://api.github.com/repos/colinta/Scorerrest/teams,https://api.github.com/repos/colinta/Scorerrest/hooks,https://api.github.com/repos/colinta/Scorerrest/issues/events{/number},https://api.github.com/repos/colinta/Scorerrest/events,https://api.github.com/repos/colinta/Scorerrest/assignees{/user},https://api.github.com/repos/colinta/Scorerrest/branches{/branch},https://api.github.com/repos/colinta/Scorerrest/tags,https://api.github.com/repos/colinta/Scorerrest/git/blobs{/sha},https://api.github.com/repos/colinta/Scorerrest/git/tags{/sha},https://api.github.com/repos/colinta/Scorerrest/git/refs{/sha},https://api.github.com/repos/colinta/Scorerrest/git/trees{/sha},https://api.github.com/repos/colinta/Scorerrest/statuses/{sha},https://api.github.com/repos/colinta/Scorerrest/languages,https://api.github.com/repos/colinta/Scorerrest/stargazers,https://api.github.com/repos/colinta/Scorerrest/contributors,https://api.github.com/repos/colinta/Scorerrest/subscribers,https://api.github.com/repos/colinta/Scorerrest/subscription,https://api.github.com/repos/colinta/Scorerrest/commits{/sha},https://api.github.com/repos/colinta/Scorerrest/git/commits{/sha},https://api.github.com/repos/colinta/Scorerrest/comments{/number},https://api.github.com/repos/colinta/Scorerrest/issues/comments{/number},https://api.github.com/repos/colinta/Scorerrest/contents/{+path},https://api.github.com/repos/colinta/Scorerrest/compare/{base}...{head},https://api.github.com/repos/colinta/Scorerrest/merges,https://api.github.com/repos/colinta/Scorerrest/{archive_format}{/ref},https://api.github.com/repos/colinta/Scorerrest/downloads,https://api.github.com/repos/colinta/Scorerrest/issues{/number},https://api.github.com/repos/colinta/Scorerrest/pulls{/number},https://api.github.com/repos/colinta/Scorerrest/milestones{/number},"https://api.github.com/repos/colinta/Scorerrest/notifications{?since,all,participating}",https://api.github.com/repos/colinta/Scorerrest/labels{/name},https://api.github.com/repos/colinta/Scorerrest/releases{/id},https://api.github.com/repos/colinta/Scorerrest/deployments,2013-03-11T02:32:43Z,2021-03-26T13:47:16Z,2021-03-26T13:47:12Z,git://github.com/colinta/Scorerrest.git,git@github.com:colinta/Scorerrest.git,https://github.com/colinta/Scorerrest.git,https://github.com/colinta/Scorerrest,,1576,13,13,Swift,True,True,True,True,False,False,0,,False,False,0,True,False,False,[],public,0,0,13,main,1.0,colinta,27570,MDQ6VXNlcjI3NTcw,https://avatars.githubusercontent.com/u/27570?v=4,,https://api.github.com/users/colinta,https://github.com/colinta,https://api.github.com/users/colinta/followers,https://api.github.com/users/colinta/following{/other_user},https://api.github.com/users/colinta/gists{/gist_id},https://api.github.com/users/colinta/starred{/owner}{/repo},https://api.github.com/users/colinta/subscriptions,https://api.github.com/users/colinta/orgs,https://api.github.com/users/colinta/repos,https://api.github.com/users/colinta/events{/privacy},https://api.github.com/users/colinta/received_events,User,public,False,,,,,,False,False,False,False,True,
7,13357579,MDEwOlJlcG9zaXRvcnkxMzM1NzU3OQ==,subwaymon,oyamauchi/subwaymon,False,https://github.com/oyamauchi/subwaymon,New York City Subway countdown-clock screensaver for OS X,False,https://api.github.com/repos/oyamauchi/subwaymon,https://api.github.com/repos/oyamauchi/subwaymon/forks,https://api.github.com/repos/oyamauchi/subwaymon/keys{/key_id},https://api.github.com/repos/oyamauchi/subwaymon/collaborators{/collaborator},https://api.github.com/repos/oyamauchi/subwaymon/teams,https://api.github.com/repos/oyamauchi/subwaymon/hooks,https://api.github.com/repos/oyamauchi/subwaymon/issues/events{/number},https://api.github.com/repos/oyamauchi/subwaymon/events,https://api.github.com/repos/oyamauchi/subwaymon/assignees{/user},https://api.github.com/repos/oyamauchi/subwaymon/branches{/branch},https://api.github.com/repos/oyamauchi/subwaymon/tags,https://api.github.com/repos/oyamauchi/subwaymon/git/blobs{/sha},https://api.github.com/repos/oyamauchi/subwaymon/git/tags{/sha},https://api.github.com/repos/oyamauchi/subwaymon/git/refs{/sha},https://api.github.com/repos/oyamauchi/subwaymon/git/trees{/sha},https://api.github.com/repos/oyamauchi/subwaymon/statuses/{sha},https://api.github.com/repos/oyamauchi/subwaymon/languages,https://api.github.com/repos/oyamauchi/subwaymon/stargazers,https://api.github.com/repos/oyamauchi/subwaymon/contributors,https://api.github.com/repos/oyamauchi/subwaymon/subscribers,https://api.github.com/repos/oyamauchi/subwaymon/subscription,https://api.github.com/repos/oyamauchi/subwaymon/commits{/sha},https://api.github.com/repos/oyamauchi/subwaymon/git/commits{/sha},https://api.github.com/repos/oyamauchi/subwaymon/comments{/number},https://api.github.com/repos/oyamauchi/subwaymon/issues/comments{/number},https://api.github.com/repos/oyamauchi/subwaymon/contents/{+path},https://api.github.com/repos/oyamauchi/subwaymon/compare/{base}...{head},https://api.github.com/repos/oyamauchi/subwaymon/merges,https://api.github.com/repos/oyamauchi/subwaymon/{archive_format}{/ref},https://api.github.com/repos/oyamauchi/subwaymon/downloads,https://api.github.com/repos/oyamauchi/subwaymon/issues{/number},https://api.github.com/repos/oyamauchi/subwaymon/pulls{/number},https://api.github.com/repos/oyamauchi/subwaymon/milestones{/number},"https://api.github.com/repos/oyamauchi/subwaymon/notifications{?since,all,participating}",https://api.github.com/repos/oyamauchi/subwaymon/labels{/name},https://api.github.com/repos/oyamauchi/subwaymon/releases{/id},https://api.github.com/repos/oyamauchi/subwaymon/deployments,2013-10-06T05:18:38Z,2021-05-03T22:29:09Z,2021-05-03T22:32:51Z,git://github.com/oyamauchi/subwaymon.git,git@github.com:oyamauchi/subwaymon.git,https://github.com/oyamauchi/subwaymon.git,https://github.com/oyamauchi/subwaymon,,3017,2,2,Swift,True,False,True,False,False,False,1,,False,False,1,True,False,False,[],public,1,1,2,master,1.0,oyamauchi,107014,MDQ6VXNlcjEwNzAxNA==,https://avatars.githubusercontent.com/u/107014?v=4,,https://api.github.com/users/oyamauchi,https://github.com/oyamauchi,https://api.github.com/users/oyamauchi/followers,https://api.github.com/users/oyamauchi/following{/other_user},https://api.github.com/users/oyamauchi/gists{/gist_id},https://api.github.com/users/oyamauchi/starred{/owner}{/repo},https://api.github.com/users/oyamauchi/subscriptions,https://api.github.com/users/oyamauchi/orgs,https://api.github.com/users/oyamauchi/repos,https://api.github.com/users/oyamauchi/events{/privacy},https://api.github.com/users/oyamauchi/received_events,User,public,False,mit,MIT License,MIT,https://api.github.com/licenses/mit,MDc6TGljZW5zZTEz,False,False,False,False,True,
8,13695799,MDEwOlJlcG9zaXRvcnkxMzY5NTc5OQ==,RCLog,cristibaluta/RCLog,False,https://github.com/cristibaluta/RCLog,NSLog replacement with various useful functions. It displays the class and line where the log came from.,False,https://api.github.com/repos/cristibaluta/RCLog,https://api.github.com/repos/cristibaluta/RCLog/forks,https://api.github.com/repos/cristibaluta/RCLog/keys{/key_id},https://api.github.com/repos/cristibaluta/RCLog/collaborators{/collaborator},https://api.github.com/repos/cristibaluta/RCLog/teams,https://api.github.com/repos/cristibaluta/RCLog/hooks,https://api.github.com/repos/cristibaluta/RCLog/issues/events{/number},https://api.github.com/repos/cristibaluta/RCLog/events,https://api.github.com/repos/cristibaluta/RCLog/assignees{/user},https://api.github.com/repos/cristibaluta/RCLog/branches{/branch},https://api.github.com/repos/cristibaluta/RCLog/tags,https://api.github.com/repos/cristibaluta/RCLog/git/blobs{/sha},https://api.github.com/repos/cristibaluta/RCLog/git/tags{/sha},https://api.github.com/repos/cristibaluta/RCLog/git/refs{/sha},https://api.github.com/repos/cristibaluta/RCLog/git/trees{/sha},https://api.github.com/repos/cristibaluta/RCLog/statuses/{sha},https://api.github.com/repos/cristibaluta/RCLog/languages,https://api.github.com/repos/cristibaluta/RCLog/stargazers,https://api.github.com/repos/cristibaluta/RCLog/contributors,https://api.github.com/repos/cristibaluta/RCLog/subscribers,https://api.github.com/repos/cristibaluta/RCLog/subscription,https://api.github.com/repos/cristibaluta/RCLog/commits{/sha},https://api.github.com/repos/cristibaluta/RCLog/git/commits{/sha},https://api.github.com/repos/cristibaluta/RCLog/comments{/number},https://api.github.com/repos/cristibaluta/RCLog/issues/comments{/number},https://api.github.com/repos/cristibaluta/RCLog/contents/{+path},https://api.github.com/repos/cristibaluta/RCLog/compare/{base}...{head},https://api.github.com/repos/cristibaluta/RCLog/merges,https://api.github.com/repos/cristibaluta/RCLog/{archive_format}{/ref},https://api.github.com/repos/cristibaluta/RCLog/downloads,https://api.github.com/repos/cristibaluta/RCLog/issues{/number},https://api.github.com/repos/cristibaluta/RCLog/pulls{/number},https://api.github.com/repos/cristibaluta/RCLog/milestones{/number},"https://api.github.com/repos/cristibaluta/RCLog/notifications{?since,all,participating}",https://api.github.com/repos/cristibaluta/RCLog/labels{/name},https://api.github.com/repos/cristibaluta/RCLog/releases{/id},https://api.github.com/repos/cristibaluta/RCLog/deployments,2013-10-19T05:02:44Z,2021-01-26T20:43:27Z,2021-01-26T20:43:25Z,git://github.com/cristibaluta/RCLog.git,git@github.com:cristibaluta/RCLog.git,https://github.com/cristibaluta/RCLog.git,https://github.com/cristibaluta/RCLog,,14,1,1,Swift,True,True,True,True,False,False,0,,False,False,0,True,False,False,[],public,0,0,1,master,1.0,cristibaluta,439123,MDQ6VXNlcjQzOTEyMw==,https://avatars.githubusercontent.com/u/439123?v=4,,https://api.github.com/users/cristibaluta,https://github.com/cristibaluta,https://api.github.com/users/cristibaluta/followers,https://api.github.com/users/cristibaluta/following{/other_user},https://api.github.com/users/cristibaluta/gists{/gist_id},https://api.github.com/users/cristibaluta/starred{/owner}{/repo},https://api.github.com/users/cristibaluta/subscriptions,https://api.github.com/users/cristibaluta/orgs,https://api.github.com/users/cristibaluta/repos,https://api.github.com/users/cristibaluta/events{/privacy},https://api.github.com/users/cristibaluta/received_events,User,public,False,mit,MIT License,MIT,https://api.github.com/licenses/mit,MDc6TGljZW5zZTEz,False,False,False,False,True,
9,12337307,MDEwOlJlcG9zaXRvcnkxMjMzNzMwNw==,amazeballs,dflax/amazeballs,False,https://github.com/dflax/amazeballs,AmazeBalls iOS App,False,https://api.github.com/repos/dflax/amazeballs,https://api.github.com/repos/dflax/amazeballs/forks,https://api.github.com/repos/dflax/amazeballs/keys{/key_id},https://api.github.com/repos/dflax/amazeballs/collaborators{/collaborator},https://api.github.com/repos/dflax/amazeballs/teams,https://api.github.com/repos/dflax/amazeballs/hooks,https://api.github.com/repos/dflax/amazeballs/issues/events{/number},https://api.github.com/repos/dflax/amazeballs/events,https://api.github.com/repos/dflax/amazeballs/assignees{/user},https://api.github.com/repos/dflax/amazeballs/branches{/branch},https://api.github.com/repos/dflax/amazeballs/tags,https://api.github.com/repos/dflax/amazeballs/git/blobs{/sha},https://api.github.com/repos/dflax/amazeballs/git/tags{/sha},https://api.github.com/repos/dflax/amazeballs/git/refs{/sha},https://api.github.com/repos/dflax/amazeballs/git/trees{/sha},https://api.github.com/repos/dflax/amazeballs/statuses/{sha},https://api.github.com/repos/dflax/amazeballs/languages,https://api.github.com/repos/dflax/amazeballs/stargazers,https://api.github.com/repos/dflax/amazeballs/contributors,https://api.github.com/repos/dflax/amazeballs/subscribers,https://api.github.com/repos/dflax/amazeballs/subscription,https://api.github.com/repos/dflax/amazeballs/commits{/sha},https://api.github.com/repos/dflax/amazeballs/git/commits{/sha},https://api.github.com/repos/dflax/amazeballs/comments{/number},https://api.github.com/repos/dflax/amazeballs/issues/comments{/number},https://api.github.com/repos/dflax/amazeballs/contents/{+path},https://api.github.com/repos/dflax/amazeballs/compare/{base}...{head},https://api.github.com/repos/dflax/amazeballs/merges,https://api.github.com/repos/dflax/amazeballs/{archive_format}{/ref},https://api.github.com/repos/dflax/amazeballs/downloads,https://api.github.com/repos/dflax/amazeballs/issues{/number},https://api.github.com/repos/dflax/amazeballs/pulls{/number},https://api.github.com/repos/dflax/amazeballs/milestones{/number},"https://api.github.com/repos/dflax/amazeballs/notifications{?since,all,participating}",https://api.github.com/repos/dflax/amazeballs/labels{/name},https://api.github.com/repos/dflax/amazeballs/releases{/id},https://api.github.com/repos/dflax/amazeballs/deployments,2013-08-24T03:13:06Z,2021-03-10T13:03:48Z,2021-03-10T13:03:40Z,git://github.com/dflax/amazeballs.git,git@github.com:dflax/amazeballs.git,https://github.com/dflax/amazeballs.git,https://github.com/dflax/amazeballs,,122397,1,1,Swift,True,True,True,True,False,False,1,,False,False,1,True,False,False,[],public,1,1,1,master,1.0,dflax,292649,MDQ6VXNlcjI5MjY0OQ==,https://avatars.githubusercontent.com/u/292649?v=4,,https://api.github.com/users/dflax,https://github.com/dflax,https://api.github.com/users/dflax/followers,https://api.github.com/users/dflax/following{/other_user},https://api.github.com/users/dflax/gists{/gist_id},https://api.github.com/users/dflax/starred{/owner}{/repo},https://api.github.com/users/dflax/subscriptions,https://api.github.com/users/dflax/orgs,https://api.github.com/users/dflax/repos,https://api.github.com/users/dflax/events{/privacy},https://api.github.com/users/dflax/received_events,User,public,False,mit,MIT License,MIT,https://api.github.com/licenses/mit,MDc6TGljZW5zZTEz,False,False,False,False,True,
10,11628962,MDEwOlJlcG9zaXRvcnkxMTYyODk2Mg==,MinuteRepeater,ajschrier/MinuteRepeater,False,https://github.com/ajschrier/MinuteRepeater,,False,https://api.github.com/repos/ajschrier/MinuteRepeater,https://api.github.com/repos/ajschrier/MinuteRepeater/forks,https://api.github.com/repos/ajschrier/MinuteRepeater/keys{/key_id},https://api.github.com/repos/ajschrier/MinuteRepeater/collaborators{/collaborator},https://api.github.com/repos/ajschrier/MinuteRepeater/teams,https://api.github.com/repos/ajschrier/MinuteRepeater/hooks,https://api.github.com/repos/ajschrier/MinuteRepeater/issues/events{/number},https://api.github.com/repos/ajschrier/MinuteRepeater/events,https://api.github.com/repos/ajschrier/MinuteRepeater/assignees{/user},https://api.github.com/repos/ajschrier/MinuteRepeater/branches{/branch},https://api.github.com/repos/ajschrier/MinuteRepeater/tags,https://api.github.com/repos/ajschrier/MinuteRepeater/git/blobs{/sha},https://api.github.com/repos/ajschrier/MinuteRepeater/git/tags{/sha},https://api.github.com/repos/ajschrier/MinuteRepeater/git/refs{/sha},https://api.github.com/repos/ajschrier/MinuteRepeater/git/trees{/sha},https://api.github.com/repos/ajschrier/MinuteRepeater/statuses/{sha},https://api.github.com/repos/ajschrier/MinuteRepeater/languages,https://api.github.com/repos/ajschrier/MinuteRepeater/stargazers,https://api.github.com/repos/ajschrier/MinuteRepeater/contributors,https://api.github.com/repos/ajschrier/MinuteRepeater/subscribers,https://api.github.com/repos/ajschrier/MinuteRepeater/subscription,https://api.github.com/repos/ajschrier/MinuteRepeater/commits{/sha},https://api.github.com/repos/ajschrier/MinuteRepeater/git/commits{/sha},https://api.github.com/repos/ajschrier/MinuteRepeater/comments{/number},https://api.github.com/repos/ajschrier/MinuteRepeater/issues/comments{/number},https://api.github.com/repos/ajschrier/MinuteRepeater/contents/{+path},https://api.github.com/repos/ajschrier/MinuteRepeater/compare/{base}...{head},https://api.github.com/repos/ajschrier/MinuteRepeater/merges,https://api.github.com/repos/ajschrier/MinuteRepeater/{archive_format}{/ref},https://api.github.com/repos/ajschrier/MinuteRepeater/downloads,https://api.github.com/repos/ajschrier/MinuteRepeater/issues{/number},https://api.github.com/repos/ajschrier/MinuteRepeater/pulls{/number},https://api.github.com/repos/ajschrier/MinuteRepeater/milestones{/number},"https://api.github.com/repos/ajschrier/MinuteRepeater/notifications{?since,all,participating}",https://api.github.com/repos/ajschrier/MinuteRepeater/labels{/name},https://api.github.com/repos/ajschrier/MinuteRepeater/releases{/id},https://api.github.com/repos/ajschrier/MinuteRepeater/deployments,2013-07-24T07:32:46Z,2021-02-09T07:54:34Z,2021-02-09T07:54:31Z,git://github.com/ajschrier/MinuteRepeater.git,git@github.com:ajschrier/MinuteRepeater.git,https://github.com/ajschrier/MinuteRepeater.git,https://github.com/ajschrier/MinuteRepeater,,530,0,0,Swift,True,True,True,True,False,False,0,,False,False,0,True,False,False,[],public,0,0,0,master,1.0,ajschrier,726142,MDQ6VXNlcjcyNjE0Mg==,https://avatars.githubusercontent.com/u/726142?v=4,,https://api.github.com/users/ajschrier,https://github.com/ajschrier,https://api.github.com/users/ajschrier/followers,https://api.github.com/users/ajschrier/following{/other_user},https://api.github.com/users/ajschrier/gists{/gist_id},https://api.github.com/users/ajschrier/starred{/owner}{/repo},https://api.github.com/users/ajschrier/subscriptions,https://api.github.com/users/ajschrier/orgs,https://api.github.com/users/ajschrier/repos,https://api.github.com/users/ajschrier/events{/privacy},https://api.github.com/users/ajschrier/received_events,User,public,False,,,,,,False,False,False,False,True,
11,11509124,MDEwOlJlcG9zaXRvcnkxMTUwOTEyNA==,helloworld,krunal0406/helloworld,False,https://github.com/krunal0406/helloworld,,False,https://api.github.com/repos/krunal0406/helloworld,https://api.github.com/repos/krunal0406/helloworld/forks,https://api.github.com/repos/krunal0406/helloworld/keys{/key_id},https://api.github.com/repos/krunal0406/helloworld/collaborators{/collaborator},https://api.github.com/repos/krunal0406/helloworld/teams,https://api.github.com/repos/krunal0406/helloworld/hooks,https://api.github.com/repos/krunal0406/helloworld/issues/events{/number},https://api.github.com/repos/krunal0406/helloworld/events,https://api.github.com/repos/krunal0406/helloworld/assignees{/user},https://api.github.com/repos/krunal0406/helloworld/branches{/branch},https://api.github.com/repos/krunal0406/helloworld/tags,https://api.github.com/repos/krunal0406/helloworld/git/blobs{/sha},https://api.github.com/repos/krunal0406/helloworld/git/tags{/sha},https://api.github.com/repos/krunal0406/helloworld/git/refs{/sha},https://api.github.com/repos/krunal0406/helloworld/git/trees{/sha},https://api.github.com/repos/krunal0406/helloworld/statuses/{sha},https://api.github.com/repos/krunal0406/helloworld/languages,https://api.github.com/repos/krunal0406/helloworld/stargazers,https://api.github.com/repos/krunal0406/helloworld/contributors,https://api.github.com/repos/krunal0406/helloworld/subscribers,https://api.github.com/repos/krunal0406/helloworld/subscription,https://api.github.com/repos/krunal0406/helloworld/commits{/sha},https://api.github.com/repos/krunal0406/helloworld/git/commits{/sha},https://api.github.com/repos/krunal0406/helloworld/comments{/number},https://api.github.com/repos/krunal0406/helloworld/issues/comments{/number},https://api.github.com/repos/krunal0406/helloworld/contents/{+path},https://api.github.com/repos/krunal0406/helloworld/compare/{base}...{head},https://api.github.com/repos/krunal0406/helloworld/merges,https://api.github.com/repos/krunal0406/helloworld/{archive_format}{/ref},https://api.github.com/repos/krunal0406/helloworld/downloads,https://api.github.com/repos/krunal0406/helloworld/issues{/number},https://api.github.com/repos/krunal0406/helloworld/pulls{/number},https://api.github.com/repos/krunal0406/helloworld/milestones{/number},"https://api.github.com/repos/krunal0406/helloworld/notifications{?since,all,participating}",https://api.github.com/repos/krunal0406/helloworld/labels{/name},https://api.github.com/repos/krunal0406/helloworld/releases{/id},https://api.github.com/repos/krunal0406/helloworld/deployments,2013-07-18T17:29:51Z,2021-09-16T01:35:50Z,2021-09-16T01:35:48Z,git://github.com/krunal0406/helloworld.git,git@github.com:krunal0406/helloworld.git,https://github.com/krunal0406/helloworld.git,https://github.com/krunal0406/helloworld,,67,0,0,Swift,True,True,True,True,False,False,0,,False,False,0,True,False,False,[],public,0,0,0,master,1.0,krunal0406,5041246,MDQ6VXNlcjUwNDEyNDY=,https://avatars.githubusercontent.com/u/5041246?v=4,,https://api.github.com/users/krunal0406,https://github.com/krunal0406,https://api.github.com/users/krunal0406/followers,https://api.github.com/users/krunal0406/following{/other_user},https://api.github.com/users/krunal0406/gists{/gist_id},https://api.github.com/users/krunal0406/starred{/owner}{/repo},https://api.github.com/users/krunal0406/subscriptions,https://api.github.com/users/krunal0406/orgs,https://api.github.com/users/krunal0406/repos,https://api.github.com/users/krunal0406/events{/privacy},https://api.github.com/users/krunal0406/received_events,User,public,False,,,,,,False,False,False,False,True,
